x,y_obs,y_pred
-0.975,0.00954540031022551,0.764927017460128
-0.925,0.8185180766018375,0.7424666905301675
-0.875,1.2623791910273237,0.7308081772262658
-0.825,1.0834029352105954,0.720672155271845
-0.775,1.0320964085431332,0.7131825955534343
-0.725,0.885335878773416,0.7047476434792984
-0.675,0.7433480491588116,0.6963278049556536
-0.625,0.7075527979954659,0.6883617706717575
-0.575,0.6753370719484548,0.6771041641808854
-0.525,0.6645984965994511,0.6651751978681939
-0.475,0.5631786183033051,0.6509004494292646
-0.425,0.5560195680706359,0.6367064391679593
-0.375,0.4903949409378356,0.6194929006085192
-0.325,0.5297697172175158,0.601436582746689
-0.275,0.5273833671399594,0.5841967943363958
-0.225,0.4903949409378356,0.567589786421668
-0.175,0.47249731535616274,0.5513888557451379
-0.125,0.505906216441952,0.5388450065624627
-0.075,0.5607922682257487,0.5283410889710853
-0.025,0.6109056198544326,0.5159857614445372
0.025,0.9235174800143181,0.49945352583223956
0.075,0.5369287674501849,0.4762446804279521
0.125,0.4140317384560315,0.4504593723899296
0.175,0.36272521178856937,0.42344509406196557
0.225,0.2935210595394344,0.3996309111880046
0.275,0.25772580837608877,0.3793934693552877
0.325,0.2565326333373106,0.3624766336554906
0.375,0.20999880682496122,0.34914568667223483
0.425,0.21477150698007397,0.33816052181521694
0.475,0.1801694308555065,0.3277401264765541
0.525,0.18374895597184107,0.32047965636558884
0.575,0.1801694308555065,0.31368651314481166
0.625,0.17778308077795013,0.30798592053454243
0.675,0.2243169072902995,0.3039601479537048
0.725,0.22789643240663404,0.30195163663842817
0.775,0.2505667581434196,0.30171141073062085
0.825,0.26727120868631427,0.30371196754563895
0.875,0.3591456866722348,0.30736546951437776
0.925,0.569144493497196,0.3129940738973074
0.975,0.720677723422026,0.32134629916875473
