x,y_obs,y_pred
-0.975,0.014028524666822537,0.7346972176759411
-0.925,0.7949497311199438,0.7374281038110825
-0.875,1.1129296235679214,0.7531821370119243
-0.825,1.2204816460135608,0.7686727456940223
-0.775,1.0568155249006312,0.778096796820201
-0.725,0.907177928454524,0.7834572519678903
-0.675,0.8697685293429973,0.7793983321642897
-0.625,0.9165302782324058,0.7694318447509937
-0.575,0.8136544306757072,0.7555077546566908
-0.525,0.6312836100070142,0.7342576572363806
-0.475,0.5891980360065466,0.7125882628010287
-0.425,0.5845218611176057,0.6865076767204427
-0.375,0.6359597848959551,0.6609399111526771
-0.325,0.5284077624503156,0.6315485932507209
-0.275,0.4769698386719663,0.603555451640558
-0.225,0.48164601356090714,0.5781232951445717
-0.175,0.47229366378302545,0.554310653885122
-0.125,0.4769698386719663,0.5350713116670563
-0.075,0.5050268880056114,0.5206484295845998
-0.025,0.5237315875613747,0.5116826435975372
0.025,0.8463876548982932,0.5006764866339335
0.075,0.5190554126724339,0.4656768763151742
0.125,0.3600654664484451,0.42830176915283297
0.175,0.40215104044891276,0.39808432702049723
0.225,0.30862754267009584,0.37571038890187824
0.275,0.26186579378068736,0.35605019094380796
0.325,0.2338087444470423,0.33886057205206144
0.375,0.2758943184475099,0.3254633309952459
0.425,0.1917231704465747,0.31255241212688023
0.475,0.18704699555763385,0.30159301691216583
0.525,0.17769464577975214,0.29205829631361546
0.575,0.1636661211129296,0.2806780453588964
0.625,0.1449614215571662,0.27408931494037875
0.675,0.1636661211129296,0.2652295222507988
0.725,0.2151040448912789,0.26075286415711946
0.775,0.20107552022445638,0.25383368404645
0.825,0.303951367781155,0.2495347205985504
0.875,0.3460369417816226,0.24843737822461226
0.925,0.547112462006079,0.24398254228041463
0.975,0.5377601122281973,0.2393281895409555
