x,y_obs,y_pred
-0.975,0.006311139160618491,0.7990491216998001
-0.925,0.5427579678131902,0.8082802145787314
-0.875,1.2685389712843167,0.8325528557904702
-0.825,1.0728936573051435,0.854513516356369
-0.775,1.2622278321236982,0.8742147891027664
-0.725,1.1549384663931839,0.8889744398863995
-0.675,1.0728936573051435,0.8955317134742821
-0.625,1.104449353108236,0.8948711475754707
-0.575,1.028715683180814,0.887140002103713
-0.525,0.8204480908804038,0.8741558851372673
-0.475,0.8898706216472072,0.8530808877669086
-0.425,0.8015146733985483,0.8303649942147892
-0.375,0.706847585989271,0.798054065425476
-0.325,0.7636478384348374,0.7610055748395919
-0.275,0.7005364468286525,0.7214368360155675
-0.225,0.5995582202587566,0.6794614494582939
-0.175,0.6248027769012306,0.6370484905858841
-0.125,0.5869359419375196,0.5934322078468497
-0.075,0.6374250552224676,0.5489197433470074
-0.025,0.5995582202587566,0.5065846218575786
0.025,0.656358472704323,0.46599978962869465
0.075,0.43546860208267585,0.42431050804670245
0.125,0.36604607131587247,0.3845040496476281
0.175,0.2650678447459766,0.3491511517828968
0.225,0.25244556642473964,0.3145513831913327
0.275,0.15777847901546227,0.28409172188913434
0.325,0.11360050489113284,0.2582349847480804
0.375,0.11991164405175132,0.23554854317871043
0.425,0.15777847901546227,0.21500368149784368
0.475,0.10728936573051434,0.19755969285789418
0.525,0.10097822656989586,0.18121594614494582
0.575,0.10097822656989586,0.16753970758388556
0.625,0.1451562006942253,0.15461449458293888
0.675,0.09466708740927736,0.14486378457978333
0.725,0.09466708740927736,0.1347912064794362
0.775,0.10728936573051434,0.12610497528137163
0.825,0.08204480908804038,0.11778058272851583
0.875,0.1325339223729883,0.10913852950457557
0.925,0.11991164405175132,0.10117387188387504
0.975,0.1451562006942253,0.09514883769853792
