x,gen,prev_parent
1,0.2576745788676676,0.25726755716201155
2,0.2127431312831988,0.16614840646111512
3,0.17630715642181788,0.1317928543375428
4,0.15878200913891052,0.1140027166913904
5,0.14197115264115698,0.10156150103528515
