x,gen,prev_parent
1,0.2547647770792611,0.2552587894079687
2,0.20469979172272673,0.17878444050239298
3,0.17574445723720783,0.1381785736912818
4,0.16038670515902917,0.11552812800961458
5,0.1451562284837391,0.10222676143391635
