x,gen,prev_parent
1,0.14864337839870134,0.14871808771334813
2,0.12897146668017806,0.08930933329106568
3,0.09774979868798263,0.06861781699976663
4,0.08775023650104563,0.05599677464404276
5,0.07296215848491497,0.04734577969958313
