x,ecdf,random
1,0.4144209759650401,0.3698822778789059073684236483493726617800610372241768827028659858021894434275876
2,0.5058786806783894,0.4809445191537301261377616977640948280184858526340422833252793231069763295809667
3,0.5453126625741338,0.5321573588406042112563970881447565034901254098698539217696455925734481308634804
4,0.5695557174071376,0.5608589152445569504951105833172923757712313056539244928598693970791157857812823
5,0.584122359796067,0.5780899781403140629295491869583267970264826942191706703906850714918528774317546
6,0.5915097284361669,0.5887447081440542482503850748737315945193730284835856240727472227195892616468046
7,0.5976485277286443,0.5958513241325026319875453381290162689504400586826247223481019703223832989173411
8,0.6013942357715119,0.6005351596986323270632904599271342567322618145573441495632928874467043559568213
9,0.603475184684216,0.6037665635707934463645367398854767445697579495627632214886167820106627447427645
10,0.6061804182707314,0.6060937054330568275647454472712777558362198437973713376690573318788165880523886
11,0.6080532722921652,0.6077841660210090184197864494660829036045468023199220507519575634966046828288359
12,0.6089896993028822,0.6089986006788064100861052794993137302837530837949846501120963124101062607394118
13,0.6096139839766934,0.6098864822147191830992008681590419872320043535683914749983542460468936212554705
14,0.6103423160961399,0.6105157144383905515316043595717514557122692450266199411102241836249483460958283
15,0.6109666007699511,0.6109899092030359077986227724290633057416843400528707239206921187211651806582508
16,0.6113827905524919,0.6113419763712047662331650512235253970415792315718366973883894409512887269758865
17,0.6117989803350328,0.6116210156136887037327164252467411546581416070375657474601549658391352539120318
18,0.611903027780668,0.6118434215020925368914095582204709698526153486547799130285150883596805269442145
19,0.6121111226719385,0.6120150749010701259537313038615155993906155825197103806272821269398065013882979
20,0.612423265008844,0.6121513253513247391128802149185943835923608205297559840530662908377461908605236
21,0.6125273124544792,0.6122596410707571755860810590461084186483198197888133285017511348831750951153464
25,0.6126313599001144,0.6123407035853868495645417377349362891692344102260790258131420044396002653883963
