x,ecdf,random
1,0.37919411674582504,0.3379791664730195275311887251885000082102726119583826594817550903622773459146378
2,0.4648383637199326,0.4454959408295164252805085300987567823230538157413524831660997760638957817316838
3,0.5042132679638425,0.4963212443038063970619225586358625011691362495490176964650818174166543746427572
4,0.5252030029109851,0.5242058493494467706110342002837734963253926656351971436443890946282341079704946
5,0.5408303968132373,0.5406876489970853673230672078561576288293825783135377042179203892235361932810265
6,0.5492569327409224,0.5510563448681752303075716162599157830352215344288616103040572309791163695313822
7,0.5558449517389306,0.5578137988615488787579446254484867221832905530991721181311533639261068269407303
8,0.5610540830396813,0.5620256809332014414685376599329698187752893938168613471532558849272349949342738
9,0.5633522292017772,0.5648393662432253431400593476402439935504404951958981970725655148172660212532871
10,0.5653439558755937,0.5667505599181560955766542494430070970014769099605017053944364195395401279790202
11,0.566263214340432,0.5680183762330437789076929639376198114816866288391881803582100949656246222124622
12,0.5674888922935498,0.568992545459876812006168721065773066475223150438815518145424896507436876266509
13,0.5693274092232266,0.5697180353321257950003301872455047988897732959825648997475864767118713042562483
14,0.5697870384556458,0.5702455277794205872195659489540469931759451492564057821351535908954242720812091
15,0.5700934579439252,0.5706425973414169070839688385659669061693023625148998198722979411314255478701652
16,0.5703998774322047,0.5709288820770843989296693635659409477659640389564127532345757155668619180579219
17,0.5705530871763445,0.5711528443383899608095539884880426169605667844731825155418997334274961276268216
18,0.5707062969204841,0.5713349301162167711210708736996730750220117570865128497774189629240274589017077
19,0.5710127164087636,0.5714757852784989096035910746156260951232781829117753333930072991094005279076933
20,0.5713191358970431,0.5715972158254527712408336285279931485046711324042173508242542961477471229458823
21,0.5714723456411828,0.5717053454920953268190539795029469326654930456113809279342073972455786336617533
24,0.5716255553853226,0.5717963850091334478266377261214037709403257580856532526064182295267019804583284
30,0.5719319748736019,0.571851729254678161928513610293889383775222580318691623238026075138109649368963
31,0.5720851846177417,0.5718946297466987730508596483718849165642817024377406940321557746689579097692997
